[
    {
    "Qid": "GATE15P1Q01",
    "Category": "GA",
    "Topic": "",
    "Question": "Didn't you buy _________ when you went shopping?",
    "ImageName": "",
    "OptionA": "any paper",
    "OptionB": "much paper",
    "OptionC": "no paper",
    "OptionD": "a few paper",
    "Correct": "1",
    "Marks": 1
    },
    {
    "Qid": "GATE15P1Q02",
    "Category": "GA",
    "Topic": "",
    "Question": "Which of the following combinations is incorrect?",
    "ImageName": "",
    "OptionA": "Acquiescence - Submission",
    "OptionB": "Wheedle - Roundabout",
    "OptionC": "Flippancy - Lightness",
    "OptionD": "Profligate - Extravagant",
    "Correct": "2",
    "Marks": 1
    },
    {
    "Qid": "GATE15P1Q03",
    "Category": "GA",
    "Topic": "",
    "Question": "Given set A = {2, 3, 4, 5} and Set B = {11, 12, 13, 14, 15}, two numbers are randomly selected, one from each set. What is probability that the sum of the two numbers equals 16?",
    "ImageName": "",
    "OptionA": "0.2",
    "OptionB": "0.25",
    "OptionC": "0.3",
    "OptionD": "0.33",
    "Correct": "1",
    "Marks": 1
    },
    {
    "Qid": "GATE15P1Q04",
    "Category": "GA",
    "Topic": "",
    "Question": "Which of the following options is the closest in meaning to the sentence below? She enjoyed herself immensely at the party.",
    "ImageName": "",
    "OptionA": "She had a terrible time at the party.",
    "OptionB": "She had a horrible time at the party.",
    "OptionC": "She had a terrific time at the party",
    "OptionD": "She had a terrifying time at the party",
    "Correct": "3",
    "Marks": 1
    },
    {
    "Qid": "GATE15P1Q05",
    "Category": "GA",
    "Topic": "",
    "Question": "Based on the given statements, select the most appropriate option to solve the given question. If two floors in a certain building are 9 feet apart, how many steps are there in a set of stairs that extends from the first floor to the second floor of the building? Statements: (I) Each step is Â¾ foot high. (II) Each step is 1 foot wide.",
    "ImageName": "",
    "OptionA": "Statement I alone is sufficient, but statement II alone is not sufficient.",
    "OptionB": "Statement II alone is sufficient, but statement I alone is not sufficient.",
    "OptionC": "Both statements together are sufficient, but neither statement alone is sufficient.",
    "OptionD": "Statement I and II together are not sufficient.",
    "Correct": "4",
    "Marks": 1
    },
    {
    "Qid": "GATE15P1Q06",
    "Category": "GA",
    "Topic": "",
    "Question": "The pie chart below has the breakup of the number of students from different departments in an\nengineering college for the year 2012. The proportion of male to female students in each\ndepartment is 5:4. There are 40 males in Electrical Engineering. What is the difference between\nnumbers of female students in the Civil department and the female students in the Mechanical\ndepartment?",
    "ImageName": "I001",
    "OptionA": "32",
    "OptionB": "40",
    "OptionC": "28",
    "OptionD": "32.5",
    "Correct": "1",
    "Marks": 2
    },
    {
    "Qid": "GATE15P1Q07",
    "Category": "GA",
    "Topic": "",
    "Question": "Select the alternative meaning of the underlined part of the sentence. The chain snatchers took to their heels when the police party arrived.",
    "ImageName": "",
    "OptionA": "took shelter in a thick jungle",
    "OptionB": "open indiscriminate fire",
    "OptionC": "took to flight",
    "OptionD": "unconditionally surrendered",
    "Correct": "3",
    "Marks": 2
    },
    {
    "Qid": "GATE15P1Q08",
    "Category": "GA",
    "Topic": "",
    "Question": "The probabilities that a student passes in Mathmatics, Physics and Chemistry are m,p, and c respectively. Of these subjects, the student has 75% chance of passing in at least one, a 50% chance of passing in at least two and a 40% chance of passing in exactly two. Following relations are drawn in m, p, c: (I) p + m + c = 27/20 (II) p + m + c = 13/20 (III) (p) ï‚´ (m) ï‚´ (c) = 1/10",
    "ImageName": "",
    "OptionA": "Only relation I is true",
    "OptionB": "Only relation II is true",
    "OptionC": "Relations II and III are true.",
    "OptionD": "Relations I and III are true.",
    "Correct": "1",
    "Marks": 2
    },
    {
    "Qid": "GATE15P1Q09",
    "Category": "GA",
    "Topic": "",
    "Question": "The given statement is followed by some courses of action. Assuming the statement to be true, decide the correct option. Statement: There has been a significant drop in the water level in the lakes supplying water to the city. Course of action: (I) The water supply authority should impose a partial cut in supply to tackle the situation. (II) The government should appeal to all the residents through mass media for minimal use of water. (III) The government should ban the water supply in lower areas.",
    "ImageName": "",
    "OptionA": "Statements I and II follow.",
    "OptionB": "Statements I and III follow",
    "OptionC": "Statements II and III follow.",
    "OptionD": "All statements follow.",
    "Correct": "1",
    "Marks": 2
    },
    {
    "Qid": "GATE15P1Q10",
    "Category": "GA",
    "Topic": "",
    "Question": "The number of students in a class who have answered correctly, wrongly, or not attempted each\nquestion in an exam, are listed in the table below. The marks for each question are also listed.\nThere is no negative or partial marking. What is the average of the marks obtained by the class in the examination?",
    "ImageName": "I002",
    "OptionA": "2.29",
    "OptionB": "2.97",
    "OptionC": "6.795",
    "OptionD": "8.795",
    "Correct": "2",
    "Marks": 2
    },
    {
    "Qid": "GATE15P1Q11",
    "Category": "CS",
    "Topic": "",
    "Question": "Which one of the following is True at any valid state in shift-reduce parsing?",
    "ImageName": "",
    "OptionA": "Viable prefixes appear only at the bottom of the stack and not inside",
    "OptionB": "Viable prefixes appear only at the top of the stack and not inside",
    "OptionC": "The stack contains only a set of viable prefixes",
    "OptionD": "The stack never contains viable prefixes",
    "Correct": "2",
    "Marks": 1
    },
    {
    "Qid": "GATE15P1Q12",
    "Category": "CS",
    "Topic": "",
    "Question": "Match the following",
    "ImageName": "I003",
    "OptionA": "A-2 B-3 C-1 D-4",
    "OptionB": "A-3 B-4 C-2 D-1",
    "OptionC": "A-3 B-1 C-4 D-2",
    "OptionD": "A-3 B-1 C-2 D-4",
    "Correct": "4",
    "Marks": 1
    },
    {
    "Qid": "GATE15P1Q13",
    "Category": "CS",
    "Topic": "",
    "Question": "For computers based on three-address instruction formats, each address field can be used to\nspecify which of the following:\nS1: A memory operand\nS2: A processor register\nS3: An implied accumulator register",
    "ImageName": "",
    "OptionA": "Either S1 or S2",
    "OptionB": "Either S2 or S3",
    "OptionC": "Only S2 and S3",
    "OptionD": "All of S1, S2 and S3",
    "Correct": "1",
    "Marks": 1
    },
    {
    "Qid": "GATE15P1Q14",
    "Category": "CS",
    "Topic": "",
    "Question": "Which one of the following is the recurrence equation for the worst case time complexity of the\nQuicksort algorithm for sorting n(&ga; 2) numbers? In the recurrence equations given in the options\nbelow, c is a constant.",
    "ImageName": "",
    "OptionA": "T(n) = 2T (n/2) + cn",
    "OptionB": "T(n) = T(n - 1) + T(1) + cn",
    "OptionC": "T(n) = 2T (n - 2) + cn",
    "OptionD": "T(n) = T(n/2) + cn",
    "Correct": "2",
    "Marks": 1
    },
    {
    "Qid": "GATE15P1Q15",
    "Category": "CS",
    "Topic": "",
    "Question": "For any two languages L1 and L2 such that L1 is context free and L2 is recursively enumerable but\nnot recursive, which of the following is/are necessarily true?\nI. 1 L (complement of L1) is recursive\nII. 2 L (complement of L2) is recursive\nIII. 1 L is context-free\nIV. 1 L ïƒˆ L2 is recursively enumerable",
    "ImageName": "",
    "OptionA": "I only",
    "OptionB": "III only",
    "OptionC": "III and IV only",
    "OptionD": "I and IV only",
    "Correct": "4",
    "Marks": 1
    },
    {
    "Qid": "GATE15P1Q16",
    "Category": "CS",
    "Topic": "",
    "Question": "Suppose two hosts use a TCP connection to transfer a large file. Which of the following statements is/are FALSE with respect to the TCP connection? I. If the sequence number of a segment is m, then the sequence number of the subsequent segment is always m+1. II. If the estimated round trip time at any given point of time is t sec, the value of the retransmission timeout is always set to greater than or equal to t sec. III. The size of the advertised window never changes during the course of the TCP connection. IV. The number of unacknowledged bytes at the sender is always less than or equal to the advertised window",
    "ImageName": "",
    "OptionA": "III only",
    "OptionB": "I and III only",
    "OptionC": "I and IV only",
    "OptionD": "II and IV only",
    "Correct": "2",
    "Marks": 1
    },
    {
    "Qid": "GATE15P1Q17",
    "Category": "CS",
    "Topic": "",
    "Question": "The following two functions P1 and P2 that share a variable B with an initial value of 2 execute concurrently. The number of distinct values that B can possibly take after the execution is ________.",
    "ImageName": "I004",
    "OptionA": "2",
    "OptionB": "3",
    "OptionC": "4",
    "OptionD": "1",
    "Correct": "2",
    "Marks": 1
    },
    {
    "Qid": "GATE15P1Q18",
    "Category": "CS",
    "Topic": "",
    "Question": "Consider a 4 bit Johnson counter with an initial value of 0000. The counting sequence of this\ncounter is",
    "ImageName": "",
    "OptionA": "0, 1, 3, 7, 15, 14, 12, 8, 0",
    "OptionB": "0, 1, 3, 5, 7, 9, 11, 13, 15, 0",
    "OptionC": "0, 2, 4, 6, 8, 10, 12, 14, 0",
    "OptionD": "0, 8, 12, 14, 15, 7, 3, 1, 0",
    "Correct": "4",
    "Marks": 1
    },
    {
    "Qid": "GATE15P1Q19",
    "Category": "CS",
    "Topic": "",
    "Question": "Which one of the following fields of an IP header is NOT modified by a typical IP router?",
    "ImageName": "",
    "OptionA": "Checksum",
    "OptionB": "Source address",
    "OptionC": "Time to Live (TTL)",
    "OptionD": "Length",
    "Correct": "2",
    "Marks": 1
    },
    {
    "Qid": "GATE15P1Q20",
    "Category": "CS",
    "Topic": "",
    "Question": "Select operation in SQL is equivalent to",
    "ImageName": "",
    "OptionA": "the selection operation in relational algebra",
    "OptionB": "the selection operation in relational algebra, except that SELECT in SQL retains duplicates",
    "OptionC": "the projection operation in relational algebra",
    "OptionD": "the projection operation in relational algebra, except that SELECT in SQL retains duplicates",
    "Correct": "4",
    "Marks": 1
    },
    {
    "Qid": "GATE15P1Q21",
    "Category": "CS",
    "Topic": "",
    "Question": "In the LU decomposition of the matrix given below, if the diagonal elements of U are both 1, then the lower diagonal entry 22 l of L is ___________.",
    "ImageName": "I005",
    "OptionA": "4",
    "OptionB": "5",
    "OptionC": "7",
    "OptionD": "2",
    "Correct": "2",
    "Marks": 1
    },
    {
    "Qid": "GATE15P1Q22",
    "Category": "CS",
    "Topic": "",
    "Question": "Match the following",
    "ImageName": "I006",
    "OptionA": "P -iii, Q-ii, R -iv, S-i",
    "OptionB": "P -i, Q-ii, R -iv, S-iii",
    "OptionC": "P -ii, Q-iii, R -iv, S-i",
    "OptionD": "P -ii, Q-i, R -iii, S-iv",
    "Correct": "3",
    "Marks": 1
    },
    {
    "Qid": "GATE15P1Q23",
    "Category": "CS",
    "Topic": "",
    "Question": "The output of the following C program is __________.",
    "ImageName": "I007",
    "OptionA": "3",
    "OptionB": "4",
    "OptionC": "5",
    "OptionD": "2",
    "Correct": "3",
    "Marks": 1
    },
    {
    "Qid": "GATE15P1Q24",
    "Category": "CS",
    "Topic": "",
    "Question": "lim<sub>x->&infin;</sub> x<sup>1/2</sup> is",
    "ImageName": "",
    "OptionA": "&infin;",
    "OptionB": "0",
    "OptionC": "1",
    "OptionD": "Not defined",
    "Correct": "3",
    "Marks": 1
    },
    {
    "Qid": "GATE15P1Q25",
    "Category": "CS",
    "Topic": "",
    "Question": "For a set A, the power set of A is denoted by 2A. If A = {5, {6}, {7}}, which of the following\noptions are True?",
    "ImageName": "I008",
    "OptionA": "1 and 3 only",
    "OptionB": "2 and 3 only",
    "OptionC": "1, 2 and 3 only",
    "OptionD": "1, 2 and 4 only",
    "Correct": "3",
    "Marks": 1
    },
    {
    "Qid": "GATE15P1Q26",
    "Category": "CS",
    "Topic": "",
    "Question": "Consider a system with byte-addressable memory, 32 bit logical addresses, 4 kilobyte page size\nand page table entries of 4 bytes each. The size of the page table in the system in megabytes is\n___________.",
    "ImageName": "",
    "OptionA": "3",
    "OptionB": "5",
    "OptionC": "4",
    "OptionD": "2",
    "Correct": "3",
    "Marks": 1
    },
    {
    "Qid": "GATE15P1Q27",
    "Category": "CS",
    "Topic": "",
    "Question": "A file is organized so that the ordering of data records is the same as or close to the ordering of\ndata entries in some index. Then that index is called",
    "ImageName": "",
    "OptionA": "Dense",
    "OptionB": "Sparse",
    "OptionC": "Clustered",
    "OptionD": "Unclustered",
    "Correct": "1",
    "Marks": 1
    },
    {
    "Qid": "GATE15P1Q28",
    "Category": "CS",
    "Topic": "",
    "Question": "What are the worst-case complexities of insertion and deletion of a key in a binary search tree?",
    "ImageName": "",
    "OptionA": "Î¸(logn) for both insertion and deletion",
    "OptionB": "Î¸(n) for both insertion and deletion",
    "OptionC": "Î¸(n) for insertion and Î¸(logn) for deletion",
    "OptionD": "Î¸(logn) for insertion and Î¸(n) for deletion",
    "Correct": "2",
    "Marks": 1
    },
    {
    "Qid": "GATE15P1Q29",
    "Category": "CS",
    "Topic": "",
    "Question": "Suppose that everyone in a group of N people wants to communicate secretly with the N-1 others\nusing symmetric key cryptographic system. The communication between any two persons should\nnot be decodable by the others in the group. The number of keys required in the system as a\nwhole to satisfy the confidentiality requirement is",
    "ImageName": "",
    "OptionA": "2N",
    "OptionB": "N(N - 1)",
    "OptionC": "N(N - 1)/2",
    "OptionD": "(N - 1)<sup>2</sup>",
    "Correct": "3",
    "Marks": 1
    },
    {
    "Qid": "GATE15P1Q30",
    "Category": "CS",
    "Topic": "",
    "Question": "Which one of the following is Not equivalent to p &harr q?",
    "ImageName": "",
    "OptionA": "(ï¿¢p V q) ^ (p V ï¿¢q)",
    "OptionB": "(ï¿¢p V q) ^ (q &rarr p)",
    "OptionC": "(ï¿¢p ^ q) V (p ^ ï¿¢q)",
    "OptionD": "(ï¿¢p ^ ï¿¢q) V (p ^ q)",
    "Correct": "3",
    "Marks": 1
    },
    {
    "Qid": "GATE15P1Q31",
    "Category": "CS",
    "Topic": "",
    "Question": "Which of the following is/are correct inorder traversal sequence(s) of binary search tree(s)?",
    "ImageName": "I009",
    "OptionA": "1 and 4 only",
    "OptionB": "2 and 3 only",
    "OptionC": "2 and 4 only",
    "OptionD": "2 only",
    "Correct": "1",
    "Marks": 1
    },
    {
    "Qid": "GATE15P1Q32",
    "Category": "CS",
    "Topic": "",
    "Question": "In one of the pairs of protocols given below, both the protocols can use multiple TCP connections\nbetween the same client and the server. Which one is that?",
    "ImageName": "",
    "OptionA": "HTTP, FT",
    "OptionB": "HTTP, TELNET",
    "OptionC": "FTP, SMTP",
    "OptionD": "HTTP, SMTP",
    "Correct": "4",
    "Marks": 1
    },
    {
    "Qid": "GATE15P1Q33",
    "Category": "CS",
    "Topic": "",
    "Question": "Which of following statements is/are FALSE?\nI. XML overcomes the limitations in HTML to support a structured way of organizing content.\nII. XML specification is not case sensitive while HTML specification is case sensitive.\nIII. XML supports user defined tags while HTML uses pre-defined tags.\nVI. XML tags need not be closed while HTML tags must be closed",
    "ImageName": "",
    "OptionA": "II only",
    "OptionB": "I only",
    "OptionC": "II and IV only",
    "OptionD": "III and IV only",
    "Correct": "3",
    "Marks": 1
    },
    {
    "Qid": "GATE15P1Q34",
    "Category": "CS",
    "Topic": "",
    "Question": "If g(x) =1-x and h(x) = x/x-1, then g(h(x))/h(g(x)) is :",
    "ImageName": "",
    "OptionA": "h(x)/g(x)",
    "OptionB": "-1",
    "OptionC": "g(x)/h(x)",
    "OptionD": "x/(1-x)<sup>2</sup>",
    "Correct": "1",
    "Marks": 1
    },
    {
    "Qid": "GATE15P1Q35",
    "Category": "CS",
    "Topic": "",
    "Question": "The height of a tree is the length of the longest root-to-leaf path in it. The maximum and\nminimum number of nodes in a binary tree of height 5 are",
    "ImageName": "",
    "OptionA": "63 and 6, respectively",
    "OptionB": "64 and 5, respectively",
    "OptionC": "32 and 6, respectively",
    "OptionD": "31 and 5, respectively",
    "Correct": "1",
    "Marks": 1
    },
    {
    "Qid": "GATE15P1Q36",
    "Category": "CS",
    "Topic": "",
    "Question": "What is the output of the following C code?\nAssume that the address of X is 2000 (in decimal) and an integer requires four bytes of memory.",
    "ImageName": "I010",
    "OptionA": "2036, 2036, 2036",
    "OptionB": "2012,4,2204",
    "OptionC": "2036,10,10",
    "OptionD": "2012,4,6",
    "Correct": "3",
    "Marks": 2
    },
    {
    "Qid": "GATE15P1Q37",
    "Category": "CS",
    "Topic": "",
    "Question": "Consider the DFAs M and N given above. The number of states in a minimal DFA that accepts\nthe language L(M) &cap; L(N) is __________.",
    "ImageName": "I011",
    "OptionA": "2",
    "OptionB": "1",
    "OptionC": "3",
    "OptionD": "4",
    "Correct": "2",
    "Marks": 2
    },
    {
    "Qid": "GATE15P1Q38",
    "Category": "CS",
    "Topic": "",
    "Question": "Consider a non-pipelined processor with a clock rate of 2.5 gigahertz and average cycles per\ninstruction of four. The same processor is upgraded to a pipelined processor with five stages; but\ndue to the internal pipeline delay, the clock speed is reduced to 2 gigahertz. Assume that there are\nno stalls in the pipeline. The speed up achieved in this pipelined processor is __________.",
    "ImageName": "",
    "OptionA": "3.2",
    "OptionB": "3.5",
    "OptionC": "3.3",
    "OptionD": "3.1",
    "Correct": "1",
    "Marks": 2
    },
    {
    "Qid": "GATE15P1Q39",
    "Category": "CS",
    "Topic": "",
    "Question": "The least number of temporary variables required to create a three-address code in static single\nassignment form for the expression q + r/3 + s - t * 5 + u * v/w is _________.",
    "ImageName": "",
    "OptionA": "4",
    "OptionB": "3.5",
    "OptionC": "3",
    "OptionD": "4.4",
    "Correct": "3",
    "Marks": 2
    },
    {
    "Qid": "GATE15P1Q40",
    "Category": "CS",
    "Topic": "",
    "Question": "Suppose L = {p, q, r, s, t} is a lattice represented by the following Hasse diagram given below:\nFor any xy&isin;L, not necessarily distinct, x V y and x ^ y are join and meet of x, y respectively.\nLet L3 = {(x,y,z): x, y, z &isin; L} be the set of all ordered triplets of the elements of L. Let pr be the\nprobability that an element (x,y,z) &isin; L3 chosen equiprobably satisfies x V (y ^ z) = (x V y)\n^\n(x V z). Then",
    "ImageName": "I012",
    "OptionA": "pr = 0",
    "OptionB": "pr = 1",
    "OptionC": "0 &lt; pr &le; 1/5",
    "OptionD": "1/5 &lt; pr &lt; 1",
    "Correct": "4",
    "Marks": 2
    },
    {
    "Qid": "GATE15P1Q41",
    "Category": "CS",
    "Topic": "",
    "Question": "Consider the NPDA &lt;Q = {q0, q1, q2}, &sum; = {0, 1}, Î“ = {0, 1, &perp; }, Î´, q0, &perp; , F = {q2}>, where (as\nper usual convention) Q is the set of states, &sum; is the input alphabet, Î“ is stack alphabet, Î´ is the\nstate transition function, q<sub>0</sub> is the initial state, &perp; is the initial stack symbol, and F is the set of\naccepting states, The state transition is as follows\nWhich one of the following sequences must follow the string 101100 so that the\noverall string is accepted by the automaton?",
    "ImageName": "I013",
    "OptionA": "10110",
    "OptionB": "10010",
    "OptionC": "",
    "OptionD": "1001",
    "Correct": "4",
    "Marks": 2
    },
    {
    "Qid": "GATE15P1Q42",
    "Category": "CS",
    "Topic": "",
    "Question": "Consider the following pseudo code, where x and y are positive integers.\nbegin\nq := 0\nr := x\nwhile r &ga; y do\nbegin\nr := r - y\nq := q + 1\nend\nend\nThe post condition that needs to be satisfied after the program terminates is",
    "ImageName": "",
    "OptionA": "{r = qx + y ^ r &lt; y}",
    "OptionB": "{x = qy + r ^ r &lt; y}",
    "OptionC": "{y = qx + r ^ 0 &lt; r &lt; y}",
    "OptionD": "{q + 1 &lt; r - y ^ y &gt; 0}",
    "Correct": "2",
    "Marks": 2
    },
    {
    "Qid": "GATE15P1Q43",
    "Category": "CS",
    "Topic": "",
    "Question": "An algorithm performs (logN)1/2 find operations, N insert operations, (logN)1/2 delete operations,\nand (logN)1/2 decrease-key operations on a set of data items with keys drawn from a linearly\nordered set. For a delete operation, a pointer is provided to the record that must be deleted.\nFor the decrease-key operation, a pointer is provided to the record that has its key decreased.\nWhich one of the following data structures is the most suited for the algorithm to use, if the goal\nis to achieve the best total asymptotic complexity considering all the operations?",
    "ImageName": "",
    "OptionA": "Unsorted array",
    "OptionB": "Min-heap",
    "OptionC": "Sorted array",
    "OptionD": "Sorted doubly linked list",
    "Correct": "1",
    "Marks": 2
    },
    {
    "Qid": "GATE15P1Q44",
    "Category": "CS",
    "Topic": "",
    "Question": "Consider a max heap, represented by the array: 40, 30, 20, 10, 15, 16, 17, 8, 4.\nNow consider that a value 35 is inserted into this heap. After insertion, the new heap is",
    "ImageName": "I014",
    "OptionA": "40, 30, 20, 10, 15, 16, 17, 8, 4, 35",
    "OptionB": "40, 35, 20, 10, 30, 16, 17, 8, 4, 15",
    "OptionC": "40, 30, 20, 10, 35, 16, 17, 8, 4, 15",
    "OptionD": "40, 35, 20, 10, 15, 16, 17, 8, 4, 30",
    "Correct": "2",
    "Marks": 2
    },
    {
    "Qid": "GATE15P1Q45",
    "Category": "CS",
    "Topic": "",
    "Question": "Consider the following 2 Ã— 2 matrix A where two elements are unknown and are marked by a and\nb. The eigen values of this matrix are -1 and 7. What are the values of a and b?",
    "ImageName": "I015",
    "OptionA": "a = 6, b = 4",
    "OptionB": "a = 4, b = 6",
    "OptionC": "a = 3, b = 5",
    "OptionD": "a = 5, b = 3",
    "Correct": "4",
    "Marks": 2
    },
    {
    "Qid": "GATE15P1Q46",
    "Category": "CS",
    "Topic": "",
    "Question": "Let G = (V, E) be a simple undirected graph, and s be a particular vertex in it called the source.\nFor x &isin;V, let d(x) denote the shortest distance in G from s to x. A breadth first search (BFS) is\nperformed starting at s. Let T be the resultant BFS tree. If (u, v) is an edge of G that is not in T,\nthen which one of the following CANNOT be the value of d(u) - d(v)?",
    "ImageName": "",
    "OptionA": "-1",
    "OptionB": "0",
    "OptionC": "1",
    "OptionD": "2",
    "Correct": "3",
    "Marks": 2
    },
    {
    "Qid": "GATE15P1Q47",
    "Category": "CS",
    "Topic": "",
    "Question": "The binary operator &ne; is defined by the following truth table:\nWhich one of the following is true about the binary operator &ne; ?",
    "ImageName": "I016",
    "OptionA": "Both commutative and associative",
    "OptionB": "Commutative but not associative",
    "OptionC": "Not commutative but associative",
    "OptionD": "Neither commutative nor associative",
    "Correct": "1",
    "Marks": 2
    },
    {
    "Qid": "GATE15P1Q48",
    "Category": "CS",
    "Topic": "",
    "Question": "Consider an Entity-Relationship (ER) model in which entity sets E1and E2 are connected by an\nm : n relationship R12, E1 and E3 are connected by a 1 : n (1 on the side of E1 and n on the side of\nE3) relationship R13.\nE1 has two single-valued attributes a11 and a12 of which a11 is the key attribute. E2 has two singlevalued\nattributes a21 and a22 of which a21 is the key attribute. E3 has two single-valued attributes\na31 and a32 of which a31 is the key attribute. The relationships do not have any attributes.\nIf a relational model is derived from the above ER model, then the minimum number of relations\nthat would be generated if all the relations are in 3NF is ___________.",
    "ImageName": "",
    "OptionA": "5",
    "OptionB": "6",
    "OptionC": "3",
    "OptionD": "4",
    "Correct": "1",
    "Marks": 2
    },
    {
    "Qid": "GATE15P1Q49",
    "Category": "CS",
    "Topic": "",
    "Question": "The graph shown below 8 edges with distinct integer edge weights. The minimum spanning tree\n(MST) is of weight 36 and contains the edges: {(A, C), (B, C), (B, E), (E, F), (D, F)}. The edge\nweights of only those edges which are in the MST are given in the figure shown below. The\nminimum possible sum of weights of all 8 edges of this graph is ______________.",
    "ImageName": "I017",
    "OptionA": "67",
    "OptionB": "69",
    "OptionC": "68",
    "OptionD": "60",
    "Correct": "2",
    "Marks": 2
    },
    {
    "Qid": "GATE15P1Q50",
    "Category": "CS",
    "Topic": "",
    "Question": "Consider a disk pack with a seek time of 4 milliseconds and rotational speed of 10000 rotations\nper minute (RPM). It has 600 sectors per track and each sector can store 512 bytes of data.\nConsider a file stored in the disk. The file contains 2000 sectors. Assume that every sector access\nnecessitates a seek, and the average rotational latency for accessing each sector is half of the time\nfor one complete rotation. The total time (in milliseconds) needed to read the entire file is\n_________.",
    "ImageName": "",
    "OptionA": "14022",
    "OptionB": "14020",
    "OptionC": "14030",
    "OptionD": "14050",
    "Correct": "2",
    "Marks": 2
    },
    {
    "Qid": "GATE15P1Q51",
    "Category": "CS",
    "Topic": "",
    "Question": ".",
    "ImageName": "I018",
    "OptionA": "3",
    "OptionB": "-1",
    "OptionC": "2",
    "OptionD": "1",
    "Correct": "2",
    "Marks": 2
    },
    {
    "Qid": "GATE15P1Q52",
    "Category": "CS",
    "Topic": "",
    "Question": "Consider the following C program segment.\nwhile (first <= last)\n{\nif (array [middle] < search)\nfirst = middle +1;\nelse if (array [middle] == search)\nfound = True;\nelse last = middle - 1;\nmiddle = (first + last)/2;\n}\nif (first > last) notPresent = True;\nThe cyclomatic complexity of the program segment is __________.",
    "ImageName": "",
    "OptionA": "6",
    "OptionB": "5",
    "OptionC": "3",
    "OptionD": "2",
    "Correct": "2",
    "Marks": 2
    },
    {
    "Qid": "GATE15P1Q53",
    "Category": "CS",
    "Topic": "",
    "Question": "Consider the following C function.\nint fun1 (int n)\n{\nint i, j, k, p, q = 0;\nfor (i = 1; i<n; ++i)\n{\np = 0;\nfor (j=n; j>1; j=j/2)\n++p;\nfor (k=1; k<p; k=k*2)\n++q;\n}\nreturn q;\n}\nWhich one of the following most closely approximates the return value of the function\nfun1?",
    "ImageName": "",
    "OptionA": "n3",
    "OptionB": "n(logn)2",
    "OptionC": "nlogn",
    "OptionD": "nlog(logn)",
    "Correct": "3",
    "Marks": 2
    },
    {
    "Qid": "GATE15P1Q54",
    "Category": "CS",
    "Topic": "",
    "Question": "Let an represent the number of bit strings of length n containing two consecutive 1s. What is the\nrecurrence relation for an?",
    "ImageName": "",
    "OptionA": "an-2 + an-1 + 2n-2",
    "OptionB": "an-2 + 2an-1 + 2n-2",
    "OptionC": "2an-2 + an-1 + 2n-2",
    "OptionD": "2an-2 + 2an-1 + 2n-2",
    "Correct": "1",
    "Marks": 2
    },
    {
    "Qid": "GATE15P1Q55",
    "Category": "CS",
    "Topic": "",
    "Question": "A variable x is said to be live at a statement Si in a program if the following three conditions hold\nsimultaneously:\n1. There exists a statement Sj that uses x\n2. There is a path from Si to Sj in the flow graph corresponding to the program\n3. The path has no intervening assignment to x including at Si and Sj\nThe variables which are live both at the statement in basic block 2 and at the statement in basic\nblock 3 of the below control flow graph are",
    "ImageName": "I019",
    "OptionA": "p, s, u",
    "OptionB": "r, s, u",
    "OptionC": "r, u",
    "OptionD": "q, v",
    "Correct": "3",
    "Marks": 2
    },
    {
    "Qid": "GATE15P1Q56",
    "Category": "CS",
    "Topic": "",
    "Question": "Consider a uniprocessor system executing three tasks T1, T2 and T3, each of which is composed of\nan infinite sequence of jobs (or instances) which arrive periodically at intervals of 3, 7 and 20\nmilliseconds, respectively. The priority of each task is the inverse of its period and the available\ntasks are scheduled in order of priority, with the highest priority task scheduled first. Each\ninstance of T1, T2 and T3 requires an execution time of 1, 2 and 4 milliseconds, respectively.\nGiven that all tasks initially arrive at the beginning of the 1st millisecond and task preemptions\nare allowed, the first instance of T3 completes its execution at the end of ______________\nmilliseconds.",
    "ImageName": "",
    "OptionA": "14",
    "OptionB": "13",
    "OptionC": "11",
    "OptionD": "10",
    "Correct": "2",
    "Marks": 2
    },
    {
    "Qid": "GATE15P1Q57",
    "Category": "CS",
    "Topic": "",
    "Question": "Consider the following relations:\nConsider the following SQL query.\nSELECT S. Student_Name, sum (P.Marks)\nFROM Student S, Performance P\nWHERE S. Roll_No =P.Roll_No\nGROUP BY S.Student_Name\nThe number of rows that will be returned by the SQL query is _________.",
    "ImageName": "I020",
    "OptionA": "1",
    "OptionB": "2",
    "OptionC": "3",
    "OptionD": "4",
    "Correct": "2",
    "Marks": 2
    },
    {
    "Qid": "GATE15P1Q58",
    "Category": "CS",
    "Topic": "",
    "Question": "A positive edge-triggered D flip-flop is connected to a positive edge-triggered JK flipflop as\nfollows. The Q output of the D flip-flop is connected to both the J and K inputs of the JK flipflop,\nwhile the Q output of the JK flip-flop is connected to the input of the D flip-flop. Initially,\nthe output of the D flip-flop is set to logic one and the output of the JK flip-flop is cleared. Which\none of the following is the bit sequence (including the initial state) generated at the Q output of\nthe JK flip-flop when the flip-flops are connected to a free-running common clock? Assume that J\n= K = 1 is the toggle mode and J = K = 0 is the state-holding mode of the JK flip-flop. Both the\nflip-flops have non-zero propagation delays.",
    "ImageName": "",
    "OptionA": "0110110...",
    "OptionB": "0100100â€¦",
    "OptionC": "011101110â€¦",
    "OptionD": "011001100â€¦",
    "Correct": "1",
    "Marks": 2
    },
    {
    "Qid": "GATE15P1Q59",
    "Category": "CS",
    "Topic": "",
    "Question": "Let G be a connected planar graph with 10 vertices. If the number of edges on each face is three,\nthen the number of edges in G is _______________.",
    "ImageName": "",
    "OptionA": "23",
    "OptionB": "24",
    "OptionC": "25",
    "OptionD": "8",
    "Correct": "2",
    "Marks": 2
    },
    {
    "Qid": "GATE15P1Q60",
    "Category": "CS",
    "Topic": "",
    "Question": "Consider a LAN with four nodes S1, S2, S3 and S4. Time is divided into fixed-size slots, and a\nnode can begin its transmission only at the beginning of a slot. A collision is said to have\noccurred if more than one node transmit in the same slot. The probabilities of generation of a\nframe in a time slot by S1, S2, S3 and S4 are 0.1, 0.2, 0.3 and 0.4, respectively. The probability of\nsending a frame in the first slot without any collision by any of these four stations is _________.",
    "ImageName": "",
    "OptionA": "0.456",
    "OptionB": "0.462",
    "OptionC": "0.567",
    "OptionD": "0.423",
    "Correct": "2",
    "Marks": 2
    },
    {
    "Qid": "GATE15P1Q61",
    "Category": "CS",
    "Topic": "",
    "Question": "Suppose the following disk request sequence (track numbers) for a disk with 100 tracks is given:\n45, 20, 90, 10, 50, 60, 80, 25, 70. Assume that the initial position of the R/W head is on track 50.\nThe additional distance that will be traversed by the R/W head when the Shortest Seek Time First\n(SSTF) algorithm is used compared to the SCAN (Elevator) algorithm (assuming that SCAN\nalgorithm moves towards 100 when it starts execution) is _________ tracks.",
    "ImageName": "",
    "OptionA": "6",
    "OptionB": "10",
    "OptionC": "7",
    "OptionD": "9",
    "Correct": "2",
    "Marks": 2
    },
    {
    "Qid": "GATE15P1Q62",
    "Category": "CS",
    "Topic": "",
    "Question": "Suppose that the stop-and-wait protocol is used on a link with a bit rate of 64 kilobits per second\nand 20 milliseconds propagation delay. Assume that the transmission time for the\nacknowledgment and the processing time at nodes are negligible. Then the minimum frame size\nin bytes to achieve a link utilization of at least 50% is _________.",
    "ImageName": "",
    "OptionA": "340",
    "OptionB": "320",
    "OptionC": "350",
    "OptionD": "360",
    "Correct": "2",
    "Marks": 2
    },
    {
    "Qid": "GATE15P1Q63",
    "Category": "CS",
    "Topic": "",
    "Question": "Consider a main memory with five page frames and the following sequence of page references: 3,\n8, 2, 3, 9, 1, 6, 3, 8, 9, 3, 6, 2, 1, 3. Which one of the following is true with respect to page\nreplacement policies First-In-First Out (FIFO) and Least Recently Used (LRU)?",
    "ImageName": "",
    "OptionA": "Both incur the same number of page faults",
    "OptionB": "FIFO incurs 2 more page faults than LRU",
    "OptionC": "LRU incurs 2 more page faults than FIFO",
    "OptionD": "FIFO incurs 1 more page faults than LRU",
    "Correct": "1",
    "Marks": 2
    },
    {
    "Qid": "GATE15P1Q64",
    "Category": "CS",
    "Topic": "",
    "Question": "Consider the operations\nf (X,Y,Z ) = X'YZ + XY'+Y'Z' and g (X,Y,Z ) = X'YZ + X'YZ' + XY",
    "ImageName": "",
    "OptionA": "Both {f} and {g} are functionally complete",
    "OptionB": "Only {f} is functionally complete",
    "OptionC": "Only {g} is functionally complete",
    "OptionD": "Neither {f} nor {g} is functionally complete",
    "Correct": "2",
    "Marks": 2
    },
    {
    "Qid": "GATE15P1Q65",
    "Category": "CS",
    "Topic": "",
    "Question": ".",
    "ImageName": "I021",
    "OptionA": "0.98",
    "OptionB": "0.99",
    "OptionC": "0.97",
    "OptionD": "0.96",
    "Correct": "2",
    "Marks": 2
    }
    ]